state,num_results,reddit_score,score,polarity
Andaman & Nicobar,11.0,14.0,11.880368500000001,0.09090909090909091
Andhra Pradesh,86.0,21.430232558139537,10.20542386627907,0.16279069767441862
Arunachal Pradesh,3.0,2.0,11.064521833333332,0.3333333333333333
Assam,521.0,16.75623800383877,7.876275924587323,-0.0019193857965451055
Bihar,319.0,9.755485893416928,8.417753586206903,0.06583072100313479
Chandigarh,4.0,5.0,12.0490536,0.5
Chhattisgarh,9.0,6.444444444444445,15.712145366666668,0.1111111111111111
Dadra and Nagar Haveli and Daman and Diu,1.0,103.0,203.20633,1.0
Delhi,513.0,17.771929824561404,12.56050306959066,-0.042884990253411304
Goa,9.0,11.88888888888889,10.92645627777778,0.0
Gujarat,80.0,12.7,10.485535702499996,-0.0875
Haryana,36.0,66.38888888888889,14.319238025,-0.08333333333333333
Himachal Pradesh,6.0,3.8333333333333335,29.510161166666666,0.0
Jammu & Kashmir,162.0,24.62962962962963,26.94332840308641,-0.030864197530864196
Jharkhand,9.0,5.777777777777778,8.792228433333332,0.0
Karnataka,45.0,44.022222222222226,15.312209613333334,0.17777777777777778
Kerala,74.0,21.31081081081081,12.917571843243243,-0.04054054054054054
Ladakh,42.0,8.476190476190476,8.681953807142857,-0.047619047619047616
Madhya Pradesh,83.0,32.7710843373494,12.758037525301203,-0.012048192771084338
Maharashtra,43.0,20.837209302325583,13.646379218604656,0.023255813953488372
Manipur,10.0,9.7,9.119744100000002,0.3
Meghalaya,3.0,-3.3333333333333335,6.243772233333334,-0.6666666666666666
Mizoram,2.0,2.0,9.3385155,-0.5
Nagaland,1.0,2.0,7.307103,1.0
Odisha,22.0,12.590909090909092,14.690699431818183,-0.18181818181818182
Puducherry,6.0,8.333333333333334,11.433956049999999,-0.16666666666666666
Punjab,166.0,11.765060240963855,11.635413560240963,-0.006024096385542169
Rajasthan,20.0,26.8,12.660458755,0.1
Sikkim,17.0,9.588235294117647,10.399707382352943,0.11764705882352941
Tamil Nadu,446.0,19.446188340807176,9.853177112869957,-0.011210762331838564
Telangana,18.0,9.055555555555555,10.40026713888889,-0.2777777777777778
Tripura,3.0,9.333333333333334,18.174288999999998,-0.3333333333333333
Uttarakhand,8.0,14.875,14.0456252875,0.0
Uttar Pradesh,957.0,15.903866248693834,8.80944464024032,0.02612330198537095
West Bengal,345.0,13.939130434782609,13.897582181420283,0.002898550724637681
