state,num_results,reddit_score,score,polarity
Andaman & Nicobar,11.0,14.0,11.779802554545455,-0.18181818181818182
Andhra Pradesh,86.0,21.430232558139537,10.206452258139532,-0.10465116279069768
Arunachal Pradesh,3.0,2.0,11.183202999999999,0.0
Assam,521.0,16.75623800383877,7.877301578867563,-0.09213051823416507
Bihar,319.0,9.755485893416928,8.416714571598748,0.02821316614420063
Chandigarh,4.0,5.0,11.791153925,-0.25
Chhattisgarh,9.0,6.444444444444445,15.400336422222223,0.2222222222222222
Dadra and Nagar Haveli and Daman and Diu,1.0,103.0,205.88208,0.0
Delhi,513.0,17.771929824561404,12.560001628654968,0.05458089668615984
Goa,9.0,11.88888888888889,10.690507077777776,0.0
Gujarat,80.0,12.7,10.477387105,-0.05
Haryana,36.0,66.38888888888889,14.330410308333338,-0.08333333333333333
Himachal Pradesh,6.0,3.8333333333333335,29.4907745,-0.3333333333333333
Jammu & Kashmir,162.0,24.62962962962963,26.998950335185203,-0.030864197530864196
Jharkhand,9.0,5.777777777777778,8.80655028888889,0.0
Karnataka,45.0,44.022222222222226,15.302336411111112,-0.37777777777777777
Kerala,74.0,21.31081081081081,12.911116075675677,0.02702702702702703
Ladakh,42.0,8.476190476190476,8.682032114285713,0.11904761904761904
Madhya Pradesh,83.0,32.7710843373494,12.763265209638556,-0.10843373493975904
Maharashtra,43.0,20.837209302325583,13.640202906976741,-0.18604651162790697
Manipur,10.0,9.7,9.14233932,0.1
Meghalaya,3.0,-3.3333333333333335,6.460371633333334,-0.6666666666666666
Mizoram,2.0,2.0,9.0186195,-0.5
Nagaland,1.0,2.0,7.3175445,0.0
Odisha,22.0,12.590909090909092,14.507744213636357,-0.13636363636363635
Puducherry,6.0,8.333333333333334,11.315639083333332,0.0
Punjab,166.0,11.765060240963855,11.642909260843366,0.21084337349397592
Rajasthan,20.0,26.8,12.654022694999998,0.25
Sikkim,17.0,9.588235294117647,10.427872576470588,-0.11764705882352941
Tamil Nadu,446.0,19.446188340807176,9.844064953609854,-0.07399103139013453
Telangana,18.0,9.055555555555555,10.428699205555553,-0.16666666666666666
Tripura,3.0,9.333333333333334,18.608818833333334,-0.6666666666666666
Uttarakhand,8.0,14.875,13.9743719375,0.375
Uttar Pradesh,957.0,15.903866248693834,8.810082331912255,-0.19017763845350052
West Bengal,345.0,13.939130434782609,13.894501816318835,-0.15942028985507245
