state,num_results,reddit_score,score,polarity
Andaman & Nicobar,11.0,14.0,11.880368500000001,-0.2727272727272727
Andhra Pradesh,86.0,21.430232558139537,10.20542386627907,0.19767441860465115
Arunachal Pradesh,3.0,2.0,11.064521833333332,0.3333333333333333
Assam,521.0,16.75623800383877,7.876275924587323,0.07677543186180422
Bihar,319.0,9.755485893416928,8.417753586206903,-0.07836990595611286
Chandigarh,4.0,5.0,12.0490536,0.5
Chhattisgarh,9.0,6.444444444444445,15.712145366666668,0.1111111111111111
Dadra and Nagar Haveli and Daman and Diu,1.0,103.0,203.20633,-2.0
Delhi,513.0,17.771929824561404,12.56050306959066,-0.005847953216374269
Goa,9.0,11.88888888888889,10.92645627777778,0.2222222222222222
Gujarat,80.0,12.7,10.485535702499996,-0.1125
Haryana,36.0,66.38888888888889,14.319238025,0.1388888888888889
Himachal Pradesh,6.0,3.8333333333333335,29.510161166666666,-0.5
Jammu & Kashmir,162.0,24.62962962962963,26.94332840308641,-0.2037037037037037
Jharkhand,9.0,5.777777777777778,8.792228433333332,0.0
Karnataka,45.0,44.022222222222226,15.312209613333334,0.0
Kerala,74.0,21.31081081081081,12.917571843243243,0.17567567567567569
Ladakh,42.0,8.476190476190476,8.681953807142857,0.19047619047619047
Madhya Pradesh,83.0,32.7710843373494,12.758037525301203,-0.10843373493975904
Maharashtra,43.0,20.837209302325583,13.646379218604656,-0.3953488372093023
Manipur,10.0,9.7,9.119744100000002,0.3
Meghalaya,3.0,-3.3333333333333335,6.243772233333334,-1.6666666666666667
Mizoram,2.0,2.0,9.3385155,1.0
Nagaland,1.0,2.0,7.307103,2.0
Odisha,22.0,12.590909090909092,14.690699431818183,-0.45454545454545453
Puducherry,6.0,8.333333333333334,11.433956049999999,0.16666666666666666
Punjab,166.0,11.765060240963855,11.635413560240963,0.018072289156626505
Rajasthan,20.0,26.8,12.660458755,0.3
Sikkim,17.0,9.588235294117647,10.399707382352943,0.23529411764705882
Tamil Nadu,446.0,19.446188340807176,9.853177112869957,-0.06053811659192825
Telangana,18.0,9.055555555555555,10.40026713888889,-0.3888888888888889
Tripura,3.0,9.333333333333334,18.174288999999998,1.3333333333333333
Uttarakhand,8.0,14.875,14.0456252875,0.125
Uttar Pradesh,957.0,15.903866248693834,8.80944464024032,0.0010449320794148381
West Bengal,345.0,13.939130434782609,13.897582181420283,-0.028985507246376812
