year,month,sd,ed,num_results,polarity,reddit_score
2019,Jan - Mar,1012019,31032019,55.0,0.03636363636363636,8.6
2019,April - Jun,1042019,30062019,6.0,0.6666666666666666,7.333333333333333
2019,Jul - Sept,1072019,30092019,46.0,0.1956521739130435,11.065217391304348
2019,Oct - Dec,1102019,31122019,486.0,-0.3765432098765432,9.008230452674898
2020,Jan - Mar,1012020,31032020,125.0,-0.472,22.864
2020,April - Jun,1042020,30062020,129.0,-0.20930232558139536,14.13953488372093
2020,Jul - Sept,1072020,30092020,307.0,-0.23127035830618892,19.93159609120521
2020,Oct - Dec,1102020,31122020,256.0,-0.21484375,18.61328125
2021,Jan - Mar,1012021,31032021,501.0,-0.22355289421157684,20.159680638722556
2021,April - Jun,1042021,30062021,763.0,-0.3119266055045872,23.86762778505898
2021,Jul - Sept,1072021,30092021,153.0,-0.0457516339869281,9.30718954248366
2021,Oct - Dec,1102021,31122021,460.0,-0.004347826086956522,19.77173913043478
2022,Jan - Mar,1012022,31032022,955.0,-0.06596858638743455,17.705759162303664
2022,April - Jun,1042022,30062022,487.0,-0.09240246406570841,12.361396303901437
2022,Jul - Sept,1072022,30092022,551.0,0.0998185117967332,10.771324863883848
2022,Oct - Dec,1102022,31122022,651.0,0.059907834101382486,10.012288786482335
